{
    "start" : 1678379196.152320781,
    "duration" : 604800.000000000,
    "parts" : 7,
    "amount" : "7000ugd"
}